year,type,name,n
1880,F,JORDAN,636
1880,F,AMERICA,1041
1880,F,GERMANY,1117
1881,F,JORDAN,1112
1881,F,AMERICA,2700
1881,F,GERMANY,1200
1886,F,JORDAN,7000
1886,F,AMIRICA,1000
1886,F,GERMANY,2700
1890,F,JORDAN,112000
1890,F,AMERICA,109,0.00110262505690152
1890,F,GERMANY,38,0.000384401395984017
1895,F,JORDAN,14000
1895,F,AMERICA,7700
1895,F,GERMANY,8380
